{"cameraMode":{"drawMode":0,"name":"Shaded","section":"Shading Mode"},"sceneLighting":false,"audioPlay":false,"sceneViewState":{"showFog":true,"showMaterialUpdate":false,"showSkybox":true,"showFlares":true,"showImageEffects":true,"showParticleSystems":true},"in2DMode":false,"pivot":{"x":540.4826049804688,"y":964.3217163085938,"z":0.9520065784454346},"rotation":{"x":-0.17015951871871949,"y":-0.01420606579631567,"z":0.0023886931594461204,"w":-0.9853692650794983},"size":81.39410400390625,"orthographic":false}